<?xml version="1.0"?>
<opencv_storage>
<cascade>
  <stageType>BOOST</stageType>
  <featureType>HAAR</featureType>
  <height>24</height>
  <width>24</width>
  <stageParams>
    <boostType>GAB</boostType>
    <minHitRate>9.9500000476837158e-01</minHitRate>
    <maxFalseAlarm>5.0000000000000000e-01</maxFalseAlarm>
    <weightTrimRate>9.4999999999999996e-01</weightTrimRate>
    <maxDepth>1</maxDepth>
    <maxWeakCount>100</maxWeakCount></stageParams>
  <featureParams>
    <maxCatCount>0</maxCatCount>
    <featSize>1</featSize>
    <mode>BASIC</mode></featureParams>
  <stageNum>12</stageNum>
  <stages>
    <!-- stage 0 -->
    <_>
      <maxWeakCount>2</maxWeakCount>
      <stageThreshold>-3.5073763132095337e-01</stageThreshold>
      <weakClassifiers>
        <_>
          <internalNodes>
            0 -1 22 -5.3823599591851234e-04</internalNodes>
          <leafValues>
            5.3846156597137451e-01 -8.9690721035003662e-01</leafValues></_>
        <_>
          <internalNodes>
            0 -1 25 4.2142337188124657e-03</internalNodes>
          <leafValues>
            -8.8919919729232788e-01 6.9330751895904541e-01</leafValues></_></weakClassifiers></_>
    <!-- stage 1 -->
    <_>
      <maxWeakCount>3</maxWeakCount>
      <stageThreshold>-8.1433629989624023e-01</stageThreshold>
      <weakClassifiers>
        <_>
          <internalNodes>
            0 -1 2 -4.3570540845394135e-02</internalNodes>
          <leafValues>
            5.3846156597137451e-01 -8.9690721035003662e-01</leafValues></_>
        <_>
          <internalNodes>
            0 -1 12 1.0098190046846867e-02</internalNodes>
          <leafValues>
            -7.3201411962509155e-01 9.3183988332748413e-01</leafValues></_>
        <_>
          <internalNodes>
            0 -1 4 -5.4929852485656738e-02</internalNodes>
          <leafValues>
            8.1458503007888794e-01 -6.4375495910644531e-01</leafValues></_></weakClassifiers></_>
    <!-- stage 2 -->
    <_>
      <maxWeakCount>3</maxWeakCount>
      <stageThreshold>-7.3617857694625854e-01</stageThreshold>
      <weakClassifiers>
        <_>
          <internalNodes>
            0 -1 19 7.6000198721885681e-02</internalNodes>
          <leafValues>
            -8.4466022253036499e-01 1.</leafValues></_>
        <_>
          <internalNodes>
            0 -1 6 5.4492976516485214e-02</internalNodes>
          <leafValues>
            -7.9136222600936890e-01 8.8404047489166260e-01</leafValues></_>
        <_>
          <internalNodes>
            0 -1 24 -4.8232719302177429e-02</internalNodes>
          <leafValues>
            8.9984381198883057e-01 -5.6986117362976074e-01</leafValues></_></weakClassifiers></_>
    <!-- stage 3 -->
    <_>
      <maxWeakCount>3</maxWeakCount>
      <stageThreshold>-1.2607172727584839e+00</stageThreshold>
      <weakClassifiers>
        <_>
          <internalNodes>
            0 -1 1 -1.1653017997741699e-01</internalNodes>
          <leafValues>
            1. -8.0952382087707520e-01</leafValues></_>
        <_>
          <internalNodes>
            0 -1 23 1.5190402045845985e-03</internalNodes>
          <leafValues>
            -8.7842541933059692e-01 4.5542946457862854e-01</leafValues></_>
        <_>
          <internalNodes>
            0 -1 27 4.1312858229503036e-04</internalNodes>
          <leafValues>
            4.2723190784454346e-01 -1.</leafValues></_></weakClassifiers></_>
    <!-- stage 4 -->
    <_>
      <maxWeakCount>2</maxWeakCount>
      <stageThreshold>-3.5900712013244629e-01</stageThreshold>
      <weakClassifiers>
        <_>
          <internalNodes>
            0 -1 10 -2.2315114736557007e-01</internalNodes>
          <leafValues>
            1. -8.4466022253036499e-01</leafValues></_>
        <_>
          <internalNodes>
            0 -1 17 -9.3143237754702568e-03</internalNodes>
          <leafValues>
            -1. 4.8565307259559631e-01</leafValues></_></weakClassifiers></_>
    <!-- stage 5 -->
    <_>
      <maxWeakCount>3</maxWeakCount>
      <stageThreshold>-9.0586256980895996e-01</stageThreshold>
      <weakClassifiers>
        <_>
          <internalNodes>
            0 -1 7 -7.3857545852661133e-02</internalNodes>
          <leafValues>
            1. -8.2692307233810425e-01</leafValues></_>
        <_>
          <internalNodes>
            0 -1 27 -4.2846045107580721e-04</internalNodes>
          <leafValues>
            -8.8015079498291016e-01 5.2568906545639038e-01</leafValues></_>
        <_>
          <internalNodes>
            0 -1 8 6.7106649279594421e-02</internalNodes>
          <leafValues>
            -6.0462856292724609e-01 8.6457830667495728e-01</leafValues></_></weakClassifiers></_>
    <!-- stage 6 -->
    <_>
      <maxWeakCount>2</maxWeakCount>
      <stageThreshold>-1.5109372138977051e-01</stageThreshold>
      <weakClassifiers>
        <_>
          <internalNodes>
            0 -1 16 -9.1468170285224915e-03</internalNodes>
          <leafValues>
            6.6666668653488159e-01 -8.9795917272567749e-01</leafValues></_>
        <_>
          <internalNodes>
            0 -1 20 -1.5561806038022041e-02</internalNodes>
          <leafValues>
            8.8454484939575195e-01 -8.1776040792465210e-01</leafValues></_></weakClassifiers></_>
    <!-- stage 7 -->
    <_>
      <maxWeakCount>3</maxWeakCount>
      <stageThreshold>-1.2886621952056885e+00</stageThreshold>
      <weakClassifiers>
        <_>
          <internalNodes>
            0 -1 5 5.9207253158092499e-02</internalNodes>
          <leafValues>
            -8.4466022253036499e-01 1.</leafValues></_>
        <_>
          <internalNodes>
            0 -1 13 2.2360982839018106e-03</internalNodes>
          <leafValues>
            -8.7749248743057251e-01 5.1914012432098389e-01</leafValues></_>
        <_>
          <internalNodes>
            0 -1 26 1.0556318738963455e-04</internalNodes>
          <leafValues>
            4.3349051475524902e-01 -1.</leafValues></_></weakClassifiers></_>
    <!-- stage 8 -->
    <_>
      <maxWeakCount>2</maxWeakCount>
      <stageThreshold>-3.0625554919242859e-01</stageThreshold>
      <weakClassifiers>
        <_>
          <internalNodes>
            0 -1 9 -6.7822244018316269e-03</internalNodes>
          <leafValues>
            1. -8.4466022253036499e-01</leafValues></_>
        <_>
          <internalNodes>
            0 -1 18 -2.1488298662006855e-03</internalNodes>
          <leafValues>
            5.3840464353561401e-01 -1.</leafValues></_></weakClassifiers></_>
    <!-- stage 9 -->
    <_>
      <maxWeakCount>1</maxWeakCount>
      <stageThreshold>-1.4285714924335480e-01</stageThreshold>
      <weakClassifiers>
        <_>
          <internalNodes>
            0 -1 14 -3.1378071755170822e-02</internalNodes>
          <leafValues>
            -1. -1.4285714924335480e-01</leafValues></_></weakClassifiers></_>
    <!-- stage 10 -->
    <_>
      <maxWeakCount>3</maxWeakCount>
      <stageThreshold>-1.1984623670578003e+00</stageThreshold>
      <weakClassifiers>
        <_>
          <internalNodes>
            0 -1 21 1.5306898951530457e-01</internalNodes>
          <leafValues>
            -8.2692307233810425e-01 1.</leafValues></_>
        <_>
          <internalNodes>
            0 -1 11 -7.0623299106955528e-03</internalNodes>
          <leafValues>
            3.9815798401832581e-01 -8.7286311388015747e-01</leafValues></_>
        <_>
          <internalNodes>
            0 -1 3 1.0788119107019156e-04</internalNodes>
          <leafValues>
            5.0132375955581665e-01 -9.0979236364364624e-01</leafValues></_></weakClassifiers></_>
    <!-- stage 11 -->
    <_>
      <maxWeakCount>2</maxWeakCount>
      <stageThreshold>-6.4026653766632080e-01</stageThreshold>
      <weakClassifiers>
        <_>
          <internalNodes>
            0 -1 15 7.5629414059221745e-03</internalNodes>
          <leafValues>
            -8.6274510622024536e-01 1.</leafValues></_>
        <_>
          <internalNodes>
            0 -1 0 -7.8593879938125610e-02</internalNodes>
          <leafValues>
            2.2247858345508575e-01 -1.</leafValues></_></weakClassifiers></_></stages>
  <features>
    <_>
      <rects>
        <_>
          0 5 18 12 -1.</_>
        <_>
          9 5 9 12 2.</_></rects>
      <tilted>0</tilted></_>
    <_>
      <rects>
        <_>
          0 7 8 12 -1.</_>
        <_>
          4 7 4 12 2.</_></rects>
      <tilted>0</tilted></_>
    <_>
      <rects>
        <_>
          0 13 10 6 -1.</_>
        <_>
          5 13 5 6 2.</_></rects>
      <tilted>0</tilted></_>
    <_>
      <rects>
        <_>
          0 15 2 6 -1.</_>
        <_>
          0 18 2 3 2.</_></rects>
      <tilted>0</tilted></_>
    <_>
      <rects>
        <_>
          0 18 20 3 -1.</_>
        <_>
          10 18 10 3 2.</_></rects>
      <tilted>0</tilted></_>
    <_>
      <rects>
        <_>
          0 18 21 6 -1.</_>
        <_>
          0 21 21 3 2.</_></rects>
      <tilted>0</tilted></_>
    <_>
      <rects>
        <_>
          1 2 16 20 -1.</_>
        <_>
          1 2 8 10 2.</_>
        <_>
          9 12 8 10 2.</_></rects>
      <tilted>0</tilted></_>
    <_>
      <rects>
        <_>
          1 4 6 3 -1.</_>
        <_>
          3 4 2 3 2.</_></rects>
      <tilted>0</tilted></_>
    <_>
      <rects>
        <_>
          1 12 16 8 -1.</_>
        <_>
          1 16 16 4 2.</_></rects>
      <tilted>0</tilted></_>
    <_>
      <rects>
        <_>
          2 16 8 2 -1.</_>
        <_>
          2 16 4 1 2.</_>
        <_>
          6 17 4 1 2.</_></rects>
      <tilted>0</tilted></_>
    <_>
      <rects>
        <_>
          4 0 11 16 -1.</_>
        <_>
          4 8 11 8 2.</_></rects>
      <tilted>0</tilted></_>
    <_>
      <rects>
        <_>
          5 0 14 4 -1.</_>
        <_>
          5 0 7 2 2.</_>
        <_>
          12 2 7 2 2.</_></rects>
      <tilted>0</tilted></_>
    <_>
      <rects>
        <_>
          7 5 4 3 -1.</_>
        <_>
          9 5 2 3 2.</_></rects>
      <tilted>0</tilted></_>
    <_>
      <rects>
        <_>
          7 17 4 2 -1.</_>
        <_>
          9 17 2 2 2.</_></rects>
      <tilted>0</tilted></_>
    <_>
      <rects>
        <_>
          9 3 6 21 -1.</_>
        <_>
          12 3 3 21 2.</_></rects>
      <tilted>0</tilted></_>
    <_>
      <rects>
        <_>
          10 4 4 12 -1.</_>
        <_>
          12 4 2 12 2.</_></rects>
      <tilted>0</tilted></_>
    <_>
      <rects>
        <_>
          11 0 3 1 -1.</_>
        <_>
          12 0 1 1 2.</_></rects>
      <tilted>0</tilted></_>
    <_>
      <rects>
        <_>
          11 1 3 1 -1.</_>
        <_>
          12 1 1 1 2.</_></rects>
      <tilted>0</tilted></_>
    <_>
      <rects>
        <_>
          11 6 2 9 -1.</_>
        <_>
          12 6 1 9 2.</_></rects>
      <tilted>0</tilted></_>
    <_>
      <rects>
        <_>
          12 2 10 12 -1.</_>
        <_>
          17 2 5 12 2.</_></rects>
      <tilted>0</tilted></_>
    <_>
      <rects>
        <_>
          12 17 3 6 -1.</_>
        <_>
          12 20 3 3 2.</_></rects>
      <tilted>0</tilted></_>
    <_>
      <rects>
        <_>
          14 4 10 18 -1.</_>
        <_>
          19 4 5 18 2.</_></rects>
      <tilted>0</tilted></_>
    <_>
      <rects>
        <_>
          14 13 2 1 -1.</_>
        <_>
          15 13 1 1 2.</_></rects>
      <tilted>0</tilted></_>
    <_>
      <rects>
        <_>
          15 21 4 2 -1.</_>
        <_>
          15 21 2 1 2.</_>
        <_>
          17 22 2 1 2.</_></rects>
      <tilted>0</tilted></_>
    <_>
      <rects>
        <_>
          16 7 8 16 -1.</_>
        <_>
          16 7 4 8 2.</_>
        <_>
          20 15 4 8 2.</_></rects>
      <tilted>0</tilted></_>
    <_>
      <rects>
        <_>
          19 6 4 9 -1.</_>
        <_>
          21 6 2 9 2.</_></rects>
      <tilted>0</tilted></_>
    <_>
      <rects>
        <_>
          20 19 4 2 -1.</_>
        <_>
          20 19 2 1 2.</_>
        <_>
          22 20 2 1 2.</_></rects>
      <tilted>0</tilted></_>
    <_>
      <rects>
        <_>
          23 0 1 8 -1.</_>
        <_>
          23 4 1 4 2.</_></rects>
      <tilted>0</tilted></_></features></cascade>
</opencv_storage>
