<?xml version="1.0"?>
<opencv_storage>
<stage8>
  <maxWeakCount>2</maxWeakCount>
  <stageThreshold>-3.0625554919242859e-01</stageThreshold>
  <weakClassifiers>
    <_>
      <internalNodes>
        0 -1 36688 -6.7822244018316269e-03</internalNodes>
      <leafValues>
        1. -8.4466022253036499e-01</leafValues></_>
    <_>
      <internalNodes>
        0 -1 117470 -2.1488298662006855e-03</internalNodes>
      <leafValues>
        5.3840464353561401e-01 -1.</leafValues></_></weakClassifiers></stage8>
</opencv_storage>
