<?xml version="1.0"?>
<opencv_storage>
<stage6>
  <maxWeakCount>2</maxWeakCount>
  <stageThreshold>-1.5109372138977051e-01</stageThreshold>
  <weakClassifiers>
    <_>
      <internalNodes>
        0 -1 114414 -9.1468170285224915e-03</internalNodes>
      <leafValues>
        6.6666668653488159e-01 -8.9795917272567749e-01</leafValues></_>
    <_>
      <internalNodes>
        0 -1 127515 -1.5561806038022041e-02</internalNodes>
      <leafValues>
        8.8454484939575195e-01 -8.1776040792465210e-01</leafValues></_></weakClassifiers></stage6>
</opencv_storage>
