<?xml version="1.0"?>
<opencv_storage>
<stage0>
  <maxWeakCount>2</maxWeakCount>
  <stageThreshold>-3.5073763132095337e-01</stageThreshold>
  <weakClassifiers>
    <_>
      <internalNodes>
        0 -1 138078 -5.3823599591851234e-04</internalNodes>
      <leafValues>
        5.3846156597137451e-01 -8.9690721035003662e-01</leafValues></_>
    <_>
      <internalNodes>
        0 -1 156355 4.2142337188124657e-03</internalNodes>
      <leafValues>
        -8.8919919729232788e-01 6.9330751895904541e-01</leafValues></_></weakClassifiers></stage0>
</opencv_storage>
