<?xml version="1.0"?>
<opencv_storage>
<stage11>
  <maxWeakCount>2</maxWeakCount>
  <stageThreshold>-6.4026653766632080e-01</stageThreshold>
  <weakClassifiers>
    <_>
      <internalNodes>
        0 -1 109234 7.5629414059221745e-03</internalNodes>
      <leafValues>
        -8.6274510622024536e-01 1.</leafValues></_>
    <_>
      <internalNodes>
        0 -1 5515 -7.8593879938125610e-02</internalNodes>
      <leafValues>
        2.2247858345508575e-01 -1.</leafValues></_></weakClassifiers></stage11>
</opencv_storage>
