<?xml version="1.0"?>
<opencv_storage>
<stage1>
  <maxWeakCount>3</maxWeakCount>
  <stageThreshold>-8.1433629989624023e-01</stageThreshold>
  <weakClassifiers>
    <_>
      <internalNodes>
        0 -1 10723 -4.3570540845394135e-02</internalNodes>
      <leafValues>
        5.3846156597137451e-01 -8.9690721035003662e-01</leafValues></_>
    <_>
      <internalNodes>
        0 -1 84207 1.0098190046846867e-02</internalNodes>
      <leafValues>
        -7.3201411962509155e-01 9.3183988332748413e-01</leafValues></_>
    <_>
      <internalNodes>
        0 -1 12710 -5.4929852485656738e-02</internalNodes>
      <leafValues>
        8.1458503007888794e-01 -6.4375495910644531e-01</leafValues></_></weakClassifiers></stage1>
</opencv_storage>
