<?xml version="1.0"?>
<opencv_storage>
<stage4>
  <maxWeakCount>2</maxWeakCount>
  <stageThreshold>-3.5900712013244629e-01</stageThreshold>
  <weakClassifiers>
    <_>
      <internalNodes>
        0 -1 50194 -2.2315114736557007e-01</internalNodes>
      <leafValues>
        1. -8.4466022253036499e-01</leafValues></_>
    <_>
      <internalNodes>
        0 -1 114986 -9.3143237754702568e-03</internalNodes>
      <leafValues>
        -1. 4.8565307259559631e-01</leafValues></_></weakClassifiers></stage4>
</opencv_storage>
