<?xml version="1.0"?>
<opencv_storage>
<stage10>
  <maxWeakCount>3</maxWeakCount>
  <stageThreshold>-1.1984623670578003e+00</stageThreshold>
  <weakClassifiers>
    <_>
      <internalNodes>
        0 -1 135713 1.5306898951530457e-01</internalNodes>
      <leafValues>
        -8.2692307233810425e-01 1.</leafValues></_>
    <_>
      <internalNodes>
        0 -1 60923 -7.0623299106955528e-03</internalNodes>
      <leafValues>
        3.9815798401832581e-01 -8.7286311388015747e-01</leafValues></_>
    <_>
      <internalNodes>
        0 -1 11524 1.0788119107019156e-04</internalNodes>
      <leafValues>
        5.0132375955581665e-01 -9.0979236364364624e-01</leafValues></_></weakClassifiers></stage10>
</opencv_storage>
