<?xml version="1.0"?>
<opencv_storage>
<stage7>
  <maxWeakCount>3</maxWeakCount>
  <stageThreshold>-1.2886621952056885e+00</stageThreshold>
  <weakClassifiers>
    <_>
      <internalNodes>
        0 -1 12788 5.9207253158092499e-02</internalNodes>
      <leafValues>
        -8.4466022253036499e-01 1.</leafValues></_>
    <_>
      <internalNodes>
        0 -1 89068 2.2360982839018106e-03</internalNodes>
      <leafValues>
        -8.7749248743057251e-01 5.1914012432098389e-01</leafValues></_>
    <_>
      <internalNodes>
        0 -1 159657 1.0556318738963455e-04</internalNodes>
      <leafValues>
        4.3349051475524902e-01 -1.</leafValues></_></weakClassifiers></stage7>
</opencv_storage>
