<?xml version="1.0"?>
<opencv_storage>
<stage5>
  <maxWeakCount>3</maxWeakCount>
  <stageThreshold>-9.0586256980895996e-01</stageThreshold>
  <weakClassifiers>
    <_>
      <internalNodes>
        0 -1 17253 -7.3857545852661133e-02</internalNodes>
      <leafValues>
        1. -8.2692307233810425e-01</leafValues></_>
    <_>
      <internalNodes>
        0 -1 162106 -4.2846045107580721e-04</internalNodes>
      <leafValues>
        -8.8015079498291016e-01 5.2568906545639038e-01</leafValues></_>
    <_>
      <internalNodes>
        0 -1 23108 6.7106649279594421e-02</internalNodes>
      <leafValues>
        -6.0462856292724609e-01 8.6457830667495728e-01</leafValues></_></weakClassifiers></stage5>
</opencv_storage>
