<?xml version="1.0"?>
<opencv_storage>
<stage3>
  <maxWeakCount>3</maxWeakCount>
  <stageThreshold>-1.2607172727584839e+00</stageThreshold>
  <weakClassifiers>
    <_>
      <internalNodes>
        0 -1 6868 -1.1653017997741699e-01</internalNodes>
      <leafValues>
        1. -8.0952382087707520e-01</leafValues></_>
    <_>
      <internalNodes>
        0 -1 143972 1.5190402045845985e-03</internalNodes>
      <leafValues>
        -8.7842541933059692e-01 4.5542946457862854e-01</leafValues></_>
    <_>
      <internalNodes>
        0 -1 162106 4.1312858229503036e-04</internalNodes>
      <leafValues>
        4.2723190784454346e-01 -1.</leafValues></_></weakClassifiers></stage3>
</opencv_storage>
