<?xml version="1.0"?>
<opencv_storage>
<stage2>
  <maxWeakCount>3</maxWeakCount>
  <stageThreshold>-7.3617857694625854e-01</stageThreshold>
  <weakClassifiers>
    <_>
      <internalNodes>
        0 -1 122740 7.6000198721885681e-02</internalNodes>
      <leafValues>
        -8.4466022253036499e-01 1.</leafValues></_>
    <_>
      <internalNodes>
        0 -1 15912 5.4492976516485214e-02</internalNodes>
      <leafValues>
        -7.9136222600936890e-01 8.8404047489166260e-01</leafValues></_>
    <_>
      <internalNodes>
        0 -1 146334 -4.8232719302177429e-02</internalNodes>
      <leafValues>
        8.9984381198883057e-01 -5.6986117362976074e-01</leafValues></_></weakClassifiers></stage2>
</opencv_storage>
